{"home":"Home","menu":"Menu","toprun":"Top Run","highscores":"High Scores","collect":"Collect","characters":"Characters","boards":"Boards","awards":"Awards","boosts":"Boosts","free-stuff":"Free Stuff","get-free-stuff":"Get Free Stuff","store":"Store","resume":"RESUME","play":"PLAY","pause":"Pause","paused":"Paused","completed":"Completed","gameover":"Game Over","empty":"","free":"Free!","save_me":"Save me!","outfit":"{{name}} Outfit","turn-on":"TURN ON","turn-off":"TURN OFF","select":"SELECT","selected":"SELECTED","locked":"LOCKED","key":"Key","keys":"{{num}}","cost":"{{value}}","start_countdown":"Starting in\n{{num}}","you-have":"You have: {{num}}","open-immediately":"Open immediately","view-prizes":"View Prizes","word-hunt":"Word Hunt","word-hunt-complete":"Word Hunt\nComplete","missions":"Missions","mission-set":"MISSION SET {{num}}","collect-letters":"COLLECT LETTERS","prizes":"Prizes","mystery":"Mystery","in-mini-mystery":"in Mini Mystery Box","in-mystery":"in Mystery Box","in-super-mystery":"in Super Mystery Box","jackpot":"Jackpot!","jackpot-coins":"100,000 Coins!","super-jackpot-coins":"300,000 Coins!","prize-screen-open":"Press Space to open","prize-screen-continue":"Press Space to continue","prize-screen-continue-mobile":"Tap to continue","double-up":"Free Double Up!","get-coins":"Get {{num}} Coins","rare":"Rare","special":"Special","common":"Common","prize-key":"Key","prize-scoreBoosters":"Score\nBoosters","prize-trophies":"Trophies","prize-n-coins":"{{num}}\nCoins","prize-headstarts":"Headstarts","prize-upto-boards":"Up to {{num}}\nBoards","prize-upto-coins":"Up to {{num}}\nCoins","prize-upto-keys":"Up to {{num}}\nKeys","hoverboard_need":"Need hoverboards?","hoverboard_have":"You have: {{num}}","hoverboard_help1":"Protect yourself from crashing for 30 seconds.","hoverboard_help2":"{{command}} to activate when running.","hoverboard_command":"Double Tap","hoverboard_command_desktop":"Press Space","leaderboards":"Leaderboards","score":"Score","coins":"Coins","high_score":"High Score","new_high_score":"New High Score!","settings":"Settings","tap_to_play":"TAP TO PLAY","tap_to_play_desktop":"APERTE PARA JOGAR","nickname_prompt":"Set your nickname","ok":"OK","cancel":"Cancel","not_enough_keys_title":"Not enough\nkeys!","not_enough_keys_message":"{{num}} Keys needed","not_enough_coins_title":"Not enough\ncoins!","not_enough_coins_message":"{{num}} Coins needed","sound":"Sound","on":"On","off":"Off","nickname":"Nickname","keyboard-key":"Key {{key}}","tutorial_good":"Fresh Moves!","tutorial_good_desktop":"Fresh Moves!","tutorial_hoverboard":"Double Tap for\nHoverboard","tutorial_hoverboard_desktop":"Press Space for\nHoverboard","tutorial_finished":"You rock! Now GO!","tutorial_finished_desktop":"You rock! Now GO!","tutorial_up":"Swipe Up","tutorial_up_desktop":"Press Arrow Key Up","tutorial_down":"Swipe Down","tutorial_down_desktop":"Press Arrow Key Down","tutorial_left":"Swipe Left","tutorial_left_desktop":"Press Arrow Key Left","tutorial_right":"Swipe Right","tutorial_right_desktop":"Press Arrow Key Right","privacy_policy":"Privacy Policy","privacy_policy_link":"https://poki.com/en/c/privacy-statement","jake":"Jake","jake-outfit-1":"Dark Outfit","jake-outfit-2":"Star Outfit","tricky":"Tricky","tricky-outfit-1":"Camo Outfit","tricky-outfit-2":"Heart Outfit","brody":"Brody","brody-outfit-1":"Posh Outfit","brody-outfit-2":"Chill Outfit","tagbot":"Tagbot","tagbot-outfit-1":"Space Outfit","tagbot-outfit-2":"Toy Outfit","tasha":"Tasha","tasha-outfit-1":"Cheer Outfit","tasha-outfit-2":"Gym Outfit","ninja":"Ninja","ninja-outfit-1":"Yang Outfit","ninja-outfit-2":"Flame Outfit","lucy":"Lucy","lucy-outfit-1":"Goth Outfit","lucy-outfit-2":"Steam Outfit","king":"King","king-outfit-1":"Count Outfit","king-outfit-2":"Royal Outfit","frizzy":"Frizzy","frizzy-outfit-1":"Rasta Outfit","frizzy-outfit-2":"Gold Outfit","spike":"Spike","spike-outfit-1":"Rock Outfit","spike-outfit-2":"Punk Outfit","fresh":"Fresh","fresh-outfit-1":"Funk Outfit","fresh-outfit-2":"Sport Outfit","yutani":"Yutani","hoverboard":"Hoverboard","hoverboards":"Hoverboards","bouncer":"Bouncer","freestyler":"Freestyler","teleporter":"Teleporter","hotrod":"Hot Rod","skullfire":"Skull Fire","lowrider":"Lowrider","starboard":"Starboard","daredevil":"Daredevil","greatwhite":"Great White","windglider":"Windglider","scoot":"Scoot","lumberjack":"Lumberjack","superhero":"Superhero","bigkahuna":"Big Kahuna","sunset":"Sunset","monster":"Monster","consumables-title":"Single Use","permanents-title":"Upgrades","mysteryBox":"Mystery Box","scoreBooster":"Score Booster","headstart":"Headstart","jetpack":"Jetpack","sneakers":"Super Sneakers","magnet":"Coin Magnet","multiplier":"Score Multiplier","special-power":"SPECIAL POWER","super-jump":"Super Jump","speed-up":"Speed Up","zap-sideways":"Zap Sideways","double-jump":"Double Jump","stay-low":"Stay Low","star-trail":"Star Trail","pink-trail":"Pink Trail","smooth-drift":"Smooth Drift","hoverboard-description":"Protect yourself from crashing\nfor 30 seconds. Activate by\npressing Space.","scoreBooster-description":"Use up to 3 times to increase your\nMultiplier by 5, 6, or 7\nfor one run.","headstart-description":"Use up to 3 times to skip ahead and\nstart running at higher\nspeed.","jetpack-description":"Increase the duration of the\nSpray Can Jetpack powerup.","sneakers-description":"Increase the duration of the\nSuper Sneakers powerup.","magnet-description":"Increase the duration of the\nCoin Magnet powerup.","multiplier-description":"Increase the duration of the\nDouble Multiplier powerup.","mission-pickup-coins":"Collect {{amount}} Coins","mission-pickup-coins-onerun":"Collect {{amount}} Coins in one run","mission-pickup-coins-jetpack":"Pick up {{amount}} coins with Jetpack","mission-pickup-coins-magnet":"Pick up {{amount}} coins with Magnet","mission-pickup-coins-pogo":"Pick up {{amount}} coins with Power Jumper","mission-pickup-coins-air":"Pick up {{amount}} coins without touching the ground","mission-coins-mystery":"Get {{amount}} coins from Mystery Box","mission-spend-coins":"Spend {{amount}} Coins","mission-score":"Collects {{amount}} points","mission-score-onerun":"Score {{amount}} points in one run","mission-score-nocoins":"Score {{amount}} points without collecting coins","mission-pickup-powerups":"Pick up {{amount}} Powerups","mission-pickup-sneakers":"Pick up {{amount}} Super Sneakers","mission-pickup-sneakers-onerun":"Pick up {{amount}} Super Sneakers in one run","mission-pickup-magnets":"Pick up {{amount}} Magnets","mission-pickup-magnets-onerun":"Pick up {{amount}} Magnets in one run","mission-pickup-jetpacks":"Pick up {{amount}} Jetpacks","mission-pickup-jetpacks-onerun":"Pick up {{amount}} Jetpacks in one run","mission-pickup-pogos":"Pick up {{amount}} Power Jumpers","mission-pickup-pogos-onerun":"Pick up {{amount}} Power Jumpers in one run","mission-pickup-keys":"Pick up {{amount}} Keys","mission-pickup-mystery":"Pick up {{amount}} Mystery Boxes","mission-character-tokens":"Get {{amount}} character tokens from Mystery Box","mission-daily-challenges":"Complete {{amount}} Daily Challenges","mission-buy-mystery":"Buy {{amount}} Mystery Boxes","mission-dodge":"Dodge {{amount}} barriers","mission-jump":"Jump {{amount}} times","mission-jump-onerun":"Jump {{amount}} times in one run","mission-jump-trains":"Jump over {{amount}} trains","mission-jump-trains-onerun":"Jump over {{amount}} trains in one run","mission-roll":"Roll {{amount}} times in total","mission-roll-onerun":"Roll {{amount}} times in one run","mission-roll-lane":"Roll {{amount}} times in center lane","mission-hoverboard":"Use {{amount}} Hoverboards","mission-hoverboard-nocrash":"Use {{amount}} Hoverboards without crashing","mission-headstart":"Use {{amount}} Headstarts","mission-scoreBooster":"Use {{amount}} Score Boosters","mission-bump-lights":"Bump into {{amount}} light signals","mission-bump-barriers":"Stumble into {{amount}} barriers","mission-bump-trains-onerun":"Bump into {{amount}} trains in one run","mission-high-score":"Beat your own High Score","mission-get-caught":"Get caught in first 10 seconds of run","skip-mission":"Skip this Mission","mission-complete":"Mission Complete","when-born":"When were you born?","accept":"I ACCEPT","accepted":"ACCEPTED","consent-footer":"By checking off the box above, I understand that I can\nalways withdraw my consent at any time from within\nSettings in the game, and I can find more information\non Poki's processing of my personal data in Poki's\nprivacy policy.","consent-body":"I hereby consent to Poki's disclosure\nof the advertising ID of my device to\nadvertising network companies for\nthe purpose of serving targeted\nadvertisements in the game based on\nmy personal preferences.","award-collect":"Collect Award","award-complete":"complete","award-completed":"Completed!","award-complete-missions":"It takes skill to be a good agent!","award-complete-missions-desc":"Complete {{x}} missions.","award-own-characters":"Everybody loves a big party!","award-own-characters-desc":"Own {{x}} characters.","award-daily-challenges":"Practise the ABC!","award-daily-challenges-desc":"Complete daily challenges {{x}} days ina row.","award-own-boards":"Fill your collection, ride in style!","award-own-boards-desc":"Own {{x}} boards.","award-pickup-powerups":"Boost your run and show off!","award-pickup-powerups-desc":"Pick up {{x}} powerups.","award-own-outfits":"Dress up to look your best!","award-own-outfits-desc":"Own {{x}} outfits!","award-score-no-coins":"Gold is useless!","award-score-no-coins-desc":"Score {{x}} in one run without collecting coins.","award-missions-in-one-run":"Surf with a higher purpose!","award-missions-in-one-run-desc":"Complete {{x}} missions in one run.","award-super-sneakers-minutes":"Run like a kangaroo!","award-super-sneakers-minutes-desc":"Wear Super Sneakers {{x}} minutes in a row.","award-collect-coins-single-run":"Timing is everything!","award-collect-coins-single-run-desc":"Collect exactly {{x}} Coins in one run.","award-open-mystery-boxes":"Unwrap your luck in the Subway!","award-open-mystery-boxes-desc":"Open {{x}} Mystery Boxes.","award-score-no-jump":"No jumping!","award-score-no-jump-desc":"Score {{x}} in one run without jumping or rolling.","award-score-no-change-lanes":"Keep calm and stay in line!","award-score-no-change-lanes-desc":"Score {{x}} without changing lanes."}